name,geom_type,minx,miny,maxx,maxy,centroid_x,centroid_y,area,length
original_polygon,Polygon,2010430.0037265206,8249874.978619253,2012656.393542386,8252056.996303982,2011543.1986344531,8250965.987461617,4858021.951318305,8816.815001188312
buffer_500m,Polygon,2009930.0037265206,8249374.978619253,2013156.393542386,8252556.996303982,2011543.198634453,8250965.987461615,10050566.574548816,11957.146158142805
generated_points,PointCollection,2008932.1253256204,8248392.977295082,2014155.9118182452,8253554.78056068,2011577.2903361497,8250991.819822061,,
